,ATOB_ECOLI,ERG8_YEAST,IDI_ECOLI,KIME_YEAST,MVD1_YEAST,Q40322_MENSP,Q8LKJ3_ABIGR,Q9FD86_STAAU,Q9FD87_STAAU,Limonene
BL-Mm,1.2554,0.58985,2.29065,1.0486,3.193,11.31405,1.63235,0.25975,0.41045,119.81367
BL-Mh,1.95983,0.7813,2.5955,1.42496,4.10495,13.59919,1.86762,0.39057,0.65389,127.99494
BL-Ml,0.24012,0.1905,0.94884,0.3807,1.30811,2.72406,0.11237,0.05002,0.08503,6.72018
